DATA,VENDAS,IS_FDS,IS_FERIADO,IS_DATA_FESTIVA,IS_VESPERA_DATA_FESTIVA,IS_POS_DATA_FESTIVA,IS_SEMANA_PAGAMENTO,IS_BAIXA_TEMPORADA,QTD_CONCORRENTES,PRECIPITACAO,TEMPERATURA,UMIDADE
2018-02-14,132,False,False,False,False,True,False,True,7,0.0,28.0,66.75
2018-02-15,149,False,False,False,False,True,False,True,7,0.0,28.6,61.5
2018-02-16,130,False,False,False,False,False,False,True,7,0.0,30.6,65.25
2018-02-17,174,True,False,False,False,False,False,True,7,0.0,31.5,65.75
2018-02-18,185,True,False,False,False,False,False,True,7,0.0,33.4,58.5
2018-02-19,121,False,False,False,False,False,False,True,7,0.0,29.0,75.25
2018-02-20,110,False,False,False,False,False,False,True,7,3.3,26.1,91.75
2018-02-21,105,False,False,False,False,False,False,True,7,27.0,29.2,82.75
2018-02-22,129,False,False,False,False,False,False,True,7,15.0,27.8,73.75
2018-02-23,143,False,False,False,False,False,False,True,7,0.0,28.8,73.5
2018-02-24,201,True,False,False,False,False,False,True,7,0.0,29.8,80.5
2018-02-25,224,True,False,False,False,False,False,True,8,0.0,29.8,74.0
2018-02-26,154,False,False,False,False,False,False,True,8,0.0,29.8,74.0
2018-02-27,161,False,False,False,False,False,False,True,8,0.0,30.5,85.25
2018-02-28,116,False,False,False,False,False,True,True,8,26.4,29.4,81.5
2018-03-01,116,False,False,False,False,False,False,False,8,0.0,31.0,82.5
2018-03-02,109,False,False,False,False,False,False,False,8,0.0,30.4,75.75
2018-03-03,124,True,False,False,False,False,False,False,8,0.0,29.8,74.0
2018-03-04,139,True,False,False,False,False,False,False,8,0.0,32.8,80.25
2018-03-05,107,False,False,False,False,False,True,False,8,8.2,31.5,79.5
2018-03-06,116,False,False,False,False,False,True,False,8,0.0,28.2,85.0
2018-03-07,139,False,False,False,False,False,True,False,8,0.7,26.7,63.0
2018-03-08,150,False,False,False,False,False,True,False,8,0.0,28.1,69.0
2018-03-09,168,False,False,False,False,False,True,False,8,0.0,27.8,76.75
2018-03-10,131,True,False,False,False,False,True,False,8,0.0,33.3,70.75
2018-03-11,146,True,False,False,False,False,False,False,8,0.0,34.7,63.25
2018-03-12,139,False,False,False,False,False,False,False,8,7.5,25.4,63.75
2018-03-13,155,False,False,False,False,False,False,False,8,0.0,28.8,58.0
2018-03-14,186,False,False,False,False,False,False,False,8,0.0,32.6,61.5
2018-03-15,120,False,False,False,False,False,False,False,8,33.3,27.3,79.25
2018-03-16,133,False,False,False,False,False,False,False,8,1.9,27.3,65.75
2018-03-17,179,True,False,False,False,False,False,False,8,0.0,33.0,72.75
2018-03-18,165,True,False,False,False,False,False,False,8,0.0,36.4,63.75
2018-03-19,149,False,False,False,False,False,False,False,8,7.5,29.0,74.0
2018-03-20,155,False,False,False,False,False,False,False,8,4.4,22.6,84.0
2018-03-21,160,False,False,False,False,False,False,False,8,2.0,24.8,76.0
2018-03-22,178,False,False,False,False,False,False,False,8,0.0,26.0,63.75
2018-03-23,149,False,False,False,False,False,False,False,8,0.0,33.1,70.0
2018-03-24,188,True,False,False,False,False,False,False,8,0.0,29.2,91.25
2018-03-25,174,True,False,False,False,False,False,False,8,26.9,24.1,78.5
2018-03-26,166,False,False,False,False,False,False,False,8,3.2,22.8,87.0
2018-03-27,130,False,False,False,False,False,False,False,8,0.6,22.9,89.75
2018-03-28,139,False,False,False,False,False,True,False,8,0.8,27.1,88.0
2018-03-29,120,False,False,False,False,False,True,False,8,0.0,26.9,88.5
2018-03-31,108,True,False,False,False,False,True,False,8,0.0,24.4,94.5
2018-04-01,129,True,False,False,False,False,False,False,8,18.6,26.0,91.25
2018-04-02,139,False,False,False,False,False,False,False,8,6.4,23.4,90.75
2018-04-03,145,False,False,False,False,False,False,False,8,22.8,26.8,84.25
2018-04-04,159,False,False,False,False,False,False,False,8,1.4,27.2,87.0
2018-04-05,166,False,False,False,False,False,True,False,8,0.2,27.8,79.75
2018-04-06,175,False,False,False,False,False,True,False,8,0.0,28.8,81.0
2018-04-07,153,True,False,False,False,False,True,False,8,0.0,30.4,74.0
2018-04-08,111,True,False,False,False,False,True,False,8,0.0,30.0,78.25
2018-04-09,139,False,False,False,False,False,True,False,8,0.0,31.5,76.0
2018-04-10,140,False,False,False,False,False,True,False,8,0.0,31.9,72.25
2018-04-11,125,False,False,False,False,False,False,False,8,0.0,33.9,64.75
2018-04-12,138,False,False,False,False,False,False,False,8,0.0,33.7,61.25
2018-04-13,144,False,False,False,False,False,False,False,8,5.4,27.6,83.75
2018-04-14,121,True,False,False,False,False,False,False,8,0.2,22.2,75.75
2018-04-15,106,True,False,False,False,False,False,False,8,0.0,26.0,73.25
2018-04-16,134,False,False,False,False,False,False,False,8,0.0,26.6,69.25
2018-04-17,161,False,False,False,False,False,False,False,8,0.0,28.4,70.5
2018-04-18,130,False,False,False,False,False,False,False,8,0.0,29.8,64.5
2018-04-19,145,False,False,False,False,False,False,False,8,0.0,31.0,67.25
2018-04-20,158,False,False,False,False,False,False,False,8,0.0,32.1,64.25
2018-04-21,86,True,True,False,False,False,False,False,8,20.2,25.7,91.0
2018-04-22,99,True,False,False,False,False,False,False,8,7.5,30.2,79.75
2018-04-23,116,False,False,False,False,False,False,False,8,0.0,30.9,75.0
2018-04-24,140,False,False,False,False,False,False,False,8,0.0,28.5,84.25
2018-04-25,131,False,False,False,False,False,False,False,8,0.0,30.5,78.25
2018-04-26,147,False,False,False,False,False,False,False,8,0.0,28.0,87.5
2018-04-27,128,False,False,False,False,False,False,False,8,0.0,29.0,78.5
2018-04-28,99,True,False,False,False,False,True,False,8,0.0,31.9,72.25
2018-04-29,105,True,False,False,False,False,True,False,8,0.0,31.6,74.25
2018-04-30,98,False,True,False,False,False,True,False,8,20.6,27.2,82.25
2018-05-01,79,False,True,False,False,False,False,False,8,2.6,22.9,92.5
2018-05-02,121,False,False,False,False,False,False,False,8,3.3,24.6,81.0
2018-05-03,110,False,False,False,False,False,False,False,8,0.0,25.2,83.25
2018-05-04,140,False,False,False,False,False,False,False,8,0.0,26.4,84.5
2018-05-05,166,True,False,False,False,False,True,False,8,0.2,25.9,85.75
2018-05-06,159,True,False,False,False,False,True,False,8,0.0,24.9,82.75
2018-05-07,149,False,False,False,False,False,True,False,8,0.0,24.5,80.0
2018-05-08,160,False,False,False,False,False,True,False,8,0.0,27.4,75.75
2018-05-09,189,False,False,False,True,False,True,False,8,0.0,27.3,71.0
2018-05-10,206,False,False,False,True,False,True,False,8,0.0,28.8,71.0
2018-05-11,230,False,False,False,True,False,False,False,8,0.0,23.8,90.25
2018-05-12,206,True,False,False,True,False,False,False,8,9.6,22.8,74.5
2018-05-13,225,True,False,True,False,False,False,False,8,0.0,23.0,73.25
2018-05-14,140,False,False,False,False,True,False,False,8,0.0,26.2,76.5
2018-05-15,127,False,False,False,False,True,False,False,8,0.0,20.7,82.5
2018-05-16,109,False,False,False,False,False,False,False,8,0.6,21.4,60.75
2018-05-17,116,False,False,False,False,False,False,False,8,0.0,21.3,73.25
2018-05-18,129,False,False,False,False,False,False,False,8,28.0,16.8,95.0
2018-05-19,144,True,False,False,False,False,False,False,8,8.7,15.7,94.5
2018-05-20,136,True,False,False,False,False,False,False,8,35.1,15.4,84.75
2018-05-21,110,False,False,False,False,False,False,False,8,0.1,18.8,83.0
2018-05-22,139,False,False,False,False,False,False,False,8,0.0,18.6,77.75
2018-05-23,155,False,False,False,False,False,False,False,8,0.0,17.4,80.0
2018-05-24,126,False,False,False,False,False,False,False,8,0.0,18.8,75.75
2018-05-25,181,False,False,False,False,False,False,False,8,0.0,20.9,78.0
2018-05-26,141,True,False,False,False,False,False,False,9,0.0,25.5,81.5
2018-05-27,127,True,False,False,False,False,False,False,9,0.0,27.6,79.5
2018-05-28,137,False,False,False,False,False,True,False,9,0.0,29.7,78.25
2018-05-29,108,False,False,False,False,False,True,False,9,0.0,27.8,63.25
2018-05-30,124,False,False,False,False,False,True,False,9,0.0,28.0,69.5
2018-05-31,89,False,True,False,False,False,True,False,9,0.0,24.9,83.75
2018-06-01,106,False,True,False,False,False,False,False,9,0.7,23.0,93.5
2018-06-02,139,True,False,False,False,False,False,False,9,18.8,18.1,75.75
2018-06-03,163,True,False,False,False,False,False,False,9,0.0,15.0,87.25
2018-06-04,149,False,False,False,False,False,False,False,9,0.0,19.8,79.25
2018-06-05,161,False,False,False,False,False,True,False,9,3.8,16.2,80.75
2018-06-06,139,False,False,False,False,False,True,False,9,8.4,16.0,80.5
2018-06-07,150,False,False,False,False,False,True,False,9,0.2,16.2,70.5
2018-06-08,144,False,False,False,False,False,True,False,9,0.0,17.0,79.25
2018-06-09,166,True,False,False,False,False,True,False,9,0.0,22.6,66.25
2018-06-10,186,True,False,False,False,False,True,False,9,5.9,21.2,86.5
2018-06-11,155,False,False,False,False,False,False,False,9,6.7,29.0,76.75
2018-06-12,139,False,False,False,False,False,False,False,9,36.4,23.0,93.5
2018-06-13,167,False,False,False,False,False,False,False,9,5.6,16.4,64.75
2018-06-14,175,False,False,False,False,False,False,False,9,0.0,13.2,74.25
2018-06-15,147,False,False,False,False,False,False,False,9,0.0,12.3,79.0
2018-06-16,129,True,False,False,False,False,False,False,9,0.0,13.4,77.5
2018-06-17,177,True,False,False,False,False,False,False,9,0.0,15.4,80.5
2018-06-18,149,False,False,False,False,False,False,False,9,0.0,19.0,85.75
2018-06-19,138,False,False,False,False,False,False,False,9,0.2,20.7,85.5
2018-06-20,140,False,False,False,False,False,False,False,9,0.1,24.8,83.5
2018-06-21,138,False,False,False,False,False,False,False,9,0.0,27.6,83.25
2018-06-22,155,False,False,False,False,False,False,False,9,3.2,19.4,72.5
2018-06-23,149,True,False,False,False,False,False,False,9,0.0,26.0,83.75
2018-06-24,179,True,False,False,False,False,False,False,9,23.4,15.1,84.25
2018-06-25,148,False,False,False,False,False,False,False,9,13.2,12.7,95.25
2018-06-26,129,False,False,False,False,False,False,False,9,5.6,15.6,87.0
2018-06-27,116,False,False,False,False,False,False,False,9,0.1,18.1,91.25
2018-06-28,146,False,False,False,False,False,True,False,9,0.0,17.1,96.5
2018-06-29,139,False,False,False,False,False,True,False,9,7.5,18.4,96.25
2018-06-30,177,True,False,False,False,False,True,False,9,10.0,18.2,91.5
2018-07-01,195,True,False,False,False,False,False,False,9,0.0,23.3,83.75
2018-07-02,149,False,False,False,False,False,False,False,9,0.0,19.4,94.0
2018-07-03,131,False,False,False,False,False,False,False,9,22.6,15.4,76.25
2018-07-04,157,False,False,False,False,False,False,False,9,0.0,13.1,87.0
2018-07-05,170,False,False,False,False,False,True,False,9,8.4,13.2,95.75
2018-07-06,145,False,False,False,False,False,True,False,9,0.8,16.0,93.25
2018-07-07,163,True,False,False,False,False,True,False,9,0.5,21.9,88.25
2018-07-08,188,True,False,False,False,False,True,False,9,0.9,18.2,80.25
2018-07-09,161,False,False,False,False,False,True,False,9,11.4,12.8,95.5
2018-07-10,149,False,False,False,False,False,True,False,9,17.0,16.2,89.5
2018-07-11,130,False,False,False,False,False,False,False,9,0.0,17.1,86.25
2018-07-12,114,False,False,False,False,False,False,False,9,0.0,18.2,83.25
2018-07-13,129,False,False,False,False,False,False,False,9,0.0,20.2,81.75
2018-07-14,138,True,False,False,False,False,False,False,9,0.0,26.4,75.75
2018-07-15,164,True,False,False,False,False,False,False,9,0.0,29.4,72.75
2018-07-16,139,False,False,False,False,False,False,False,9,4.4,20.7,93.75
2018-07-17,110,False,False,False,False,False,False,False,9,16.5,18.6,97.0
2018-07-18,101,False,False,False,False,False,False,False,9,45.5,27.7,83.75
2018-07-19,133,False,False,False,False,False,False,False,9,0.0,30.5,69.75
2018-07-20,109,False,False,False,False,False,False,False,9,0.0,29.2,81.25
2018-07-21,139,True,False,False,False,False,False,False,9,14.5,15.2,59.75
2018-07-22,155,True,False,False,False,False,False,False,9,0.0,19.6,79.0
2018-07-23,129,False,False,False,False,False,False,False,9,0.0,16.3,84.25
2018-07-24,115,False,False,False,False,False,False,False,9,8.3,14.7,92.75
2018-07-25,133,False,False,False,False,False,False,False,9,18.2,15.5,94.0
2018-07-26,90,False,False,False,False,False,False,False,9,13.4,20.4,91.5
2018-07-27,81,False,False,False,False,False,False,False,9,2.0,18.3,83.0
2018-07-28,104,True,False,False,False,False,True,False,9,0.0,17.5,95.25
2018-07-29,155,True,False,False,False,False,True,False,9,2.1,17.8,66.75
2018-07-30,133,False,False,False,False,False,True,False,9,0.0,18.4,79.0
2018-07-31,125,False,False,False,False,False,True,False,9,0.0,17.2,75.75
2018-08-01,149,False,False,False,False,False,False,False,9,0.0,15.6,74.5
2018-08-02,120,False,False,False,False,False,False,False,9,0.0,21.6,76.0
2018-08-03,151,False,False,False,False,False,False,False,9,0.0,24.5,81.25
2018-08-04,123,True,False,False,False,False,False,False,9,0.0,22.6,75.25
2018-08-05,177,True,False,False,False,False,True,False,9,0.0,18.3,76.25
2018-08-06,144,False,False,False,False,False,True,False,9,0.0,19.9,75.75
2018-08-07,99,False,False,False,False,False,True,False,9,0.0,24.0,69.25
2018-08-08,164,False,False,False,True,False,True,False,9,0.0,17.3,92.25
2018-08-09,154,False,False,False,True,False,True,False,9,6.0,15.4,88.25
2018-08-10,186,False,False,False,True,False,True,False,9,5.2,11.1,77.5
2018-08-11,170,True,False,False,True,False,False,False,9,1.9,14.6,94.75
2018-08-12,153,True,False,True,False,False,False,False,9,1.8,20.3,87.0
2018-08-13,139,False,False,False,False,True,False,False,9,0.0,24.0,80.75
2018-08-14,106,False,False,False,False,True,False,False,9,0.1,24.8,77.5
2018-08-15,131,False,False,False,False,False,False,False,9,0.0,17.1,79.0
2018-08-16,121,False,False,False,False,False,False,False,9,0.0,20.4,78.75
2018-08-17,149,False,False,False,False,False,False,False,9,0.0,24.8,72.5
2018-08-18,155,True,False,False,False,False,False,False,9,0.0,25.7,66.5
2018-08-19,188,True,False,False,False,False,False,False,9,0.0,26.6,80.0
2018-08-20,141,False,False,False,False,False,False,False,10,10.6,14.1,91.5
2018-08-21,109,False,False,False,False,False,False,False,10,16.1,13.6,82.5
2018-08-22,121,False,False,False,False,False,False,False,10,7.6,14.6,90.75
2018-08-23,144,False,False,False,False,False,False,False,10,4.0,20.8,72.5
2018-08-24,130,False,False,False,False,False,False,False,10,6.2,21.6,94.5
2018-08-25,112,True,False,False,False,False,False,False,10,19.6,16.6,61.5
2018-08-26,134,True,False,False,False,False,False,False,10,0.0,15.3,56.5
2018-08-27,163,False,False,False,False,False,False,False,10,0.0,21.8,66.5
2018-08-28,132,False,False,False,False,False,True,False,10,0.1,24.1,72.0
2018-08-29,119,False,False,False,False,False,True,False,10,0.0,29.4,61.0
2018-08-30,124,False,False,False,False,False,True,False,10,0.0,23.4,85.75
2018-08-31,91,False,False,False,False,False,True,False,10,43.8,18.5,97.0
2018-09-01,104,True,False,False,False,False,False,False,10,23.2,18.4,96.5
2018-09-02,111,True,False,False,False,False,False,False,10,47.5,20.2,92.75
2018-09-03,103,False,False,False,False,False,False,False,10,6.5,17.8,91.25
2018-09-04,134,False,False,False,False,False,False,False,10,3.5,20.2,84.0
2018-09-05,119,False,False,False,False,False,True,False,10,0.0,22.2,73.0
2018-09-06,106,False,False,False,False,False,True,False,10,0.0,26.4,61.25
2018-09-07,129,False,True,False,False,False,True,False,10,0.0,27.2,60.5
2018-09-08,113,True,False,False,False,False,True,False,10,0.0,24.7,72.25
2018-09-09,155,True,False,False,False,False,True,False,10,0.0,23.8,78.25
2018-09-10,136,False,False,False,False,False,True,False,10,0.0,22.8,75.25
2018-09-11,104,False,False,False,False,False,False,False,10,0.0,20.6,77.75
2018-09-12,129,False,False,False,False,False,False,False,10,0.0,24.1,74.75
2018-09-13,109,False,False,False,False,False,False,False,10,0.0,26.6,70.75
2018-09-14,128,False,False,False,False,False,False,False,10,5.8,20.4,94.25
2018-09-15,159,True,False,False,False,False,False,False,10,8.3,22.6,82.25
2018-09-16,177,True,False,False,False,False,False,False,10,3.6,24.2,74.25
2018-09-17,130,False,False,False,False,False,False,False,10,0.0,24.4,82.25
2018-09-18,152,False,False,False,False,False,False,False,10,0.0,24.8,77.5
2018-09-19,105,False,False,False,False,False,False,False,10,0.0,29.2,70.25
2018-09-20,129,False,False,False,False,False,False,False,10,0.0,22.0,71.75
2018-09-21,115,False,False,False,False,False,False,False,10,0.1,27.2,80.25
2018-09-22,148,True,False,False,False,False,False,False,10,0.0,33.4,64.5
2018-09-23,109,True,False,False,False,False,False,False,10,5.7,25.5,95.0
2018-09-24,130,False,False,False,False,False,False,False,10,50.7,22.6,91.25
2018-09-25,123,False,False,False,False,False,False,False,10,2.9,21.7,91.5
2018-09-26,109,False,False,False,False,False,False,False,10,7.7,26.6,80.0
2018-09-27,143,False,False,False,False,False,False,False,10,0.0,24.4,80.5
2018-09-28,129,False,False,False,False,False,True,False,10,0.1,26.0,84.25
2018-09-29,151,True,False,False,False,False,True,False,10,0.0,32.3,73.25
2018-09-30,166,True,False,False,False,False,True,False,10,2.4,25.2,81.75
2018-10-01,131,False,False,False,False,False,False,False,10,0.0,26.4,87.5
2018-10-02,155,False,False,False,False,False,False,False,10,35.0,20.4,93.5
2018-10-03,148,False,False,False,False,False,False,False,10,6.4,19.4,88.75
2018-10-04,104,False,False,False,False,False,False,False,10,1.1,24.0,63.0
2018-10-05,121,False,False,False,False,False,True,False,10,0.0,22.2,61.25
2018-10-06,132,True,False,False,False,False,True,False,10,0.0,22.2,65.25
2018-10-07,122,True,False,False,False,False,True,False,10,0.0,28.3,70.5
2018-10-08,109,False,False,False,False,False,True,False,10,0.0,31.3,71.25
2018-10-09,128,False,False,False,False,False,True,False,10,0.0,28.5,82.75
2018-10-10,100,False,False,False,False,False,True,False,10,0.9,24.2,75.0
2018-10-11,89,False,False,False,False,False,False,False,10,0.0,23.1,66.0
2018-10-12,69,False,True,False,False,False,False,False,10,0.0,28.3,78.5
2018-10-13,88,True,False,False,False,False,False,False,10,4.5,22.5,81.0
2018-10-14,73,True,False,False,False,False,False,False,10,0.2,23.6,76.5
2018-10-15,104,False,False,False,False,False,False,False,10,0.0,27.5,72.5
2018-10-16,111,False,False,False,False,False,False,False,10,0.0,30.3,70.0
2018-10-17,125,False,False,False,False,False,False,False,10,0.0,30.8,71.0
2018-10-18,101,False,False,False,False,False,False,False,10,0.0,27.2,81.0
2018-10-19,153,False,False,False,False,False,False,False,10,0.0,25.7,67.5
2018-10-20,131,True,False,False,False,False,False,False,10,0.0,23.0,63.0
2018-10-21,121,True,False,False,False,False,False,False,10,0.0,25.4,65.5
2018-10-22,141,False,False,False,False,False,False,False,10,0.0,30.3,62.0
2018-10-23,144,False,False,False,False,False,False,False,10,0.0,25.2,70.25
2018-10-24,163,False,False,False,False,False,False,False,10,0.0,24.1,67.75
2018-10-25,104,False,False,False,False,False,False,False,10,0.0,28.6,72.0
2018-10-26,130,False,False,False,False,False,False,False,10,0.0,27.8,84.5
2018-10-27,128,True,False,False,False,False,False,False,10,18.5,23.5,78.75
2018-10-28,116,True,False,False,False,False,True,False,10,0.9,24.4,68.25
2018-10-29,104,False,False,False,False,False,True,False,10,0.0,26.6,69.0
2018-10-30,129,False,False,False,False,False,True,False,10,0.0,33.0,62.0
2018-10-31,136,False,False,False,False,False,True,False,10,23.5,25.8,81.0
2018-11-01,88,False,False,False,False,False,False,False,10,2.3,23.2,76.75
2018-11-03,90,True,False,False,False,False,False,False,10,15.5,21.6,89.5
2018-11-04,122,True,False,False,False,False,False,False,10,1.6,25.4,69.5
2018-11-05,108,False,False,False,False,False,True,False,10,0.0,29.8,68.0
2018-11-06,115,False,False,False,False,False,True,False,10,0.0,29.6,74.0
2018-11-07,129,False,False,False,False,False,True,False,10,1.0,25.2,77.0
2018-11-08,100,False,False,False,False,False,True,False,10,0.3,27.6,63.75
2018-11-09,109,False,False,False,False,False,True,False,10,0.0,31.4,62.75
2018-11-10,73,True,False,False,False,False,True,False,10,0.0,33.9,62.25
2018-11-11,153,True,False,False,False,False,False,False,10,0.0,34.1,58.5
2018-11-12,104,False,False,False,False,False,False,False,10,0.0,34.7,73.75
2018-11-13,106,False,False,False,False,False,False,False,10,0.0,34.0,60.25
2018-11-14,125,False,False,False,False,False,False,False,10,17.9,28.2,75.25
2018-11-15,123,False,True,False,False,False,False,False,10,1.0,29.2,57.25
2018-11-16,89,False,True,False,False,False,False,False,10,0.0,29.7,68.0
2018-11-17,106,True,False,False,False,False,False,False,10,0.0,29.0,69.75
2018-11-18,122,True,False,False,False,False,False,False,10,27.5,23.3,75.5
2018-11-19,89,False,False,False,False,False,False,False,10,0.0,25.5,59.25
2018-11-20,148,False,False,False,False,False,False,False,10,0.0,28.8,61.25
2018-11-21,131,False,False,False,False,False,False,False,10,0.0,32.4,62.5
2018-11-22,154,False,False,False,False,False,False,False,10,0.0,33.7,63.0
2018-11-23,148,False,False,False,False,False,False,False,10,0.0,33.3,67.5
2018-11-24,107,True,False,False,False,False,False,False,10,49.3,25.2,91.75
2018-11-25,139,True,False,False,False,False,False,False,10,7.2,26.1,62.25
2018-11-26,119,False,False,False,False,False,False,False,10,0.0,26.2,62.0
2018-11-27,148,False,False,False,False,False,False,False,10,0.0,26.5,72.75
2018-11-28,137,False,False,False,False,False,True,False,10,0.0,25.6,79.0
2018-11-29,151,False,False,False,False,False,True,False,10,0.0,31.3,72.0
2018-11-30,164,False,False,False,False,False,True,False,10,1.7,29.3,85.5
2018-12-01,128,True,False,False,False,False,False,False,10,2.3,27.6,85.75
2018-12-02,158,True,False,False,False,False,False,False,10,10.0,23.4,66.0
2018-12-03,139,False,False,False,False,False,False,False,10,0.0,24.3,53.5
2018-12-04,151,False,False,False,False,False,False,False,10,0.0,28.0,50.5
2018-12-05,166,False,False,False,False,False,True,False,10,0.0,27.0,63.25
2018-12-06,128,False,False,False,False,False,True,False,10,0.0,24.8,67.25
2018-12-07,155,False,False,False,False,False,True,False,10,0.0,22.8,55.75
2018-12-08,139,True,False,False,False,False,True,False,10,0.0,26.0,55.25
2018-12-09,167,True,False,False,False,False,True,False,10,0.0,31.0,57.75
2018-12-10,149,False,False,False,False,False,True,False,10,0.0,33.9,50.75
2018-12-11,153,False,False,False,False,False,False,False,10,0.0,37.9,48.75
2018-12-12,149,False,False,False,False,False,False,False,10,0.1,30.4,72.0
2018-12-13,186,False,False,False,False,False,False,False,10,0.0,31.7,77.25
2018-12-14,155,False,False,False,False,False,False,False,10,0.1,36.4,71.25
2018-12-15,161,True,False,False,False,False,False,False,10,9.8,30.0,81.5
2018-12-16,183,True,False,False,False,False,False,False,10,1.0,33.3,71.25
2018-12-17,152,False,False,False,False,False,False,False,10,0.0,37.0,73.5
2018-12-18,139,False,False,False,False,False,False,False,10,15.3,27.6,87.75
2018-12-19,168,False,False,False,False,False,False,False,10,3.7,30.0,84.5
2018-12-20,175,False,False,False,False,False,False,False,10,1.9,29.4,84.25
2018-12-21,164,False,False,False,True,False,False,False,10,14.3,26.9,80.25
2018-12-22,239,True,False,False,True,False,False,False,10,3.1,31.3,72.5
2018-12-23,261,True,False,False,True,False,False,False,10,0.0,30.4,66.25
2018-12-24,229,False,True,False,True,False,False,False,10,0.0,29.3,70.75
2018-12-26,139,False,False,False,True,True,False,False,10,0.0,31.7,68.75
2018-12-27,108,False,False,False,True,True,False,False,10,0.0,33.8,68.5
2018-12-28,126,False,False,False,True,False,True,False,10,0.0,36.1,57.0
2019-01-02,87,False,False,False,False,True,False,True,10,0.0,38.5,57.75
2019-01-03,99,False,False,False,False,True,False,True,10,0.0,34.2,87.25
2019-01-04,81,False,False,False,False,False,False,True,10,14.2,26.5,82.75
2019-01-05,79,True,False,False,False,False,True,True,10,0.0,28.4,72.75
2019-01-06,89,True,False,False,False,False,True,True,10,0.0,35.3,67.5
2019-01-07,105,False,False,False,False,False,True,True,10,0.2,34.6,72.25
2019-01-08,87,False,False,False,False,False,True,True,10,3.7,32.5,67.25
2019-01-09,98,False,False,False,False,False,True,True,10,0.0,28.9,71.0
2019-01-10,101,False,False,False,False,False,True,True,10,0.2,30.2,74.75
2019-01-11,85,False,False,False,False,False,False,True,10,0.2,27.4,80.5
2019-01-12,69,True,False,False,False,False,False,True,10,0.1,26.5,84.0
2019-01-13,86,True,False,False,False,False,False,True,10,0.2,35.5,65.0
2019-01-14,94,False,False,False,False,False,False,True,10,0.3,32.7,77.5
2019-01-15,128,False,False,False,False,False,False,True,10,2.6,34.7,69.0
2019-01-16,113,False,False,False,False,False,False,True,10,33.8,31.9,76.75
2019-01-17,97,False,False,False,False,False,False,True,10,5.4,28.0,89.5
2019-01-18,100,False,False,False,False,False,False,True,10,14.7,28.8,88.5
2019-01-19,78,True,False,False,False,False,False,True,10,13.1,24.8,92.5
2019-01-20,104,True,False,False,False,False,False,True,10,6.4,28.6,77.5
2019-01-21,128,False,False,False,False,False,False,True,10,0.0,29.8,82.0
2019-01-22,119,False,False,False,False,False,False,True,10,0.0,34.0,72.5
2019-01-23,130,False,False,False,False,False,False,True,10,0.0,34.9,65.25
2019-01-24,125,False,False,False,False,False,False,True,10,0.0,31.6,82.5
2019-01-25,117,False,False,False,False,False,False,True,10,6.0,31.7,69.5
2019-01-26,105,True,False,False,False,False,False,True,10,0.0,35.7,67.75
2019-01-27,120,True,False,False,False,False,False,True,10,0.0,35.3,61.75
2019-01-28,106,False,False,False,False,False,True,True,10,0.0,36.1,59.0
2019-01-29,98,False,False,False,False,False,True,True,10,0.0,37.3,63.25
2019-01-30,86,False,False,False,False,False,True,True,10,0.0,38.4,52.25
2019-01-31,127,False,False,False,False,False,True,True,10,0.0,36.7,75.75
2019-02-01,106,False,False,False,False,False,False,True,10,15.9,36.0,80.0
2019-02-02,95,True,False,False,False,False,False,True,10,2.1,31.0,84.5
2019-02-03,108,True,False,False,False,False,False,True,10,21.4,25.6,72.25
2019-02-04,117,False,False,False,False,False,False,True,10,0.0,26.6,66.0
2019-02-05,126,False,False,False,False,False,True,True,10,0.0,28.6,63.5
2019-02-06,148,False,False,False,False,False,True,True,10,0.0,30.2,70.0
2019-02-07,131,False,False,False,False,False,True,True,10,0.0,32.4,65.0
2019-02-08,134,False,False,False,False,False,True,True,10,0.0,34.5,61.0
2019-02-09,159,True,False,False,False,False,True,True,10,0.0,37.3,55.25
2019-02-10,130,True,False,False,False,False,True,True,10,0.0,29.8,84.75
2019-02-11,139,False,False,False,False,False,False,True,10,4.4,34.7,75.75
2019-02-12,117,False,False,False,False,False,False,True,10,14.7,25.3,72.75
2019-02-13,142,False,False,False,False,False,False,True,10,1.5,27.0,66.75
2019-02-14,128,False,False,False,False,False,False,True,10,0.0,31.0,65.25
2019-02-15,99,False,False,False,False,False,False,True,10,5.0,25.4,83.0
2019-02-16,128,True,False,False,False,False,False,True,10,1.6,28.6,78.0
2019-02-17,105,True,False,False,False,False,False,True,10,3.8,29.4,69.75
2019-02-18,138,False,False,False,False,False,False,True,10,0.0,31.7,72.5
2019-02-19,118,False,False,False,False,False,False,True,10,0.0,32.3,70.25
2019-02-20,122,False,False,False,False,False,False,True,10,0.0,33.8,65.75
2019-02-21,131,False,False,False,False,False,False,True,10,0.0,35.2,67.0
2019-02-22,107,False,False,False,False,False,False,True,10,0.0,34.3,62.5
2019-02-23,150,True,False,False,False,False,False,True,10,0.0,35.9,57.0
2019-02-24,145,True,False,False,False,False,False,True,10,0.0,32.0,81.5
2019-02-25,149,False,False,False,False,False,False,True,10,31.8,24.0,94.5
2019-02-26,138,False,False,False,False,False,False,True,10,8.7,24.9,70.75
2019-02-27,163,False,False,False,True,False,False,True,10,0.2,24.7,70.25
2019-02-28,141,False,False,False,True,False,True,True,10,0.0,29.2,67.25
2019-03-01,130,False,False,False,True,False,False,False,10,0.0,31.4,69.0
2019-03-02,107,True,False,False,True,False,False,False,10,0.0,31.5,54.5
2019-03-06,63,False,False,False,False,True,True,False,10,15.4,31.7,76.0
2019-03-07,85,False,False,False,False,True,True,False,10,0.0,33.7,70.5
2019-03-08,77,False,False,False,False,False,True,False,10,0.1,30.1,84.0
2019-03-09,62,True,False,False,False,False,True,False,10,40.9,23.6,88.75
2019-03-10,112,True,False,False,False,False,True,False,10,7.3,24.9,71.5
2019-03-11,134,False,False,False,False,False,False,False,10,0.0,27.2,73.0
2019-03-12,136,False,False,False,False,False,False,False,10,0.0,28.8,70.75
2019-03-13,143,False,False,False,False,False,False,False,10,0.3,28.0,77.0
2019-03-14,120,False,False,False,False,False,False,False,10,0.8,28.9,72.0
2019-03-15,139,False,False,False,False,False,False,False,10,0.0,30.2,75.75
2019-03-16,148,True,False,False,False,False,False,False,10,0.0,31.0,74.5
2019-03-17,127,True,False,False,False,False,False,False,10,0.0,25.7,88.0
2019-03-18,118,False,False,False,False,False,False,False,10,10.1,27.7,90.5
2019-03-19,127,False,False,False,False,False,False,False,10,0.7,29.9,75.25
2019-03-20,133,False,False,False,False,False,False,False,10,0.0,25.2,75.5
2019-03-21,126,False,False,False,False,False,False,False,10,0.6,24.1,65.75
2019-03-22,113,False,False,False,False,False,False,False,10,0.0,26.3,72.0
2019-03-23,136,True,False,False,False,False,False,False,10,0.0,27.7,74.75
2019-03-24,153,True,False,False,False,False,False,False,10,0.0,29.6,62.5
2019-03-25,127,False,False,False,False,False,False,False,10,0.0,25.2,64.0
2019-03-26,129,False,False,False,False,False,False,False,10,0.0,27.1,75.5
2019-03-27,118,False,False,False,False,False,False,False,10,0.0,24.4,82.25
2019-03-28,120,False,False,False,False,False,True,False,10,1.9,27.6,74.25
2019-03-29,114,False,False,False,False,False,True,False,10,0.0,29.1,73.25
2019-03-30,137,True,False,False,False,False,True,False,10,0.0,32.1,68.5
2019-03-31,122,True,False,False,False,False,True,False,10,0.1,30.2,76.0
2019-04-01,131,False,False,False,False,False,False,False,10,0.0,31.4,79.0
2019-04-02,127,False,False,False,False,False,False,False,10,0.0,32.9,70.0
2019-04-03,138,False,False,False,False,False,False,False,10,0.0,32.6,72.5
2019-04-04,120,False,False,False,False,False,False,False,10,0.0,34.0,76.5
2019-04-05,108,False,False,False,False,False,True,False,10,50.7,25.7,85.75
2019-04-06,128,True,False,False,False,False,True,False,10,0.1,24.0,93.5
2019-04-07,100,True,False,False,False,False,True,False,10,6.4,24.6,81.75
2019-04-08,110,False,False,False,False,False,True,False,10,0.2,26.2,72.5
2019-04-09,127,False,False,False,False,False,True,False,10,0.0,26.5,70.75
2019-04-10,118,False,False,False,False,False,True,False,10,0.0,29.4,67.0
2019-04-11,107,False,False,False,False,False,False,False,10,0.0,31.0,76.75
2019-04-12,121,False,False,False,False,False,False,False,10,24.0,24.1,83.5
2019-04-13,138,True,False,False,False,False,False,False,10,0.0,30.3,82.0
2019-04-14,105,True,False,False,False,False,False,False,10,0.0,32.2,68.75
2019-04-15,128,False,False,False,False,False,False,False,10,0.0,26.9,87.25
2019-04-16,121,False,False,False,False,False,False,False,10,52.7,22.6,94.0
2019-04-17,134,False,False,False,False,False,False,False,10,15.2,24.7,82.75
2019-04-18,116,False,False,False,False,False,False,False,10,0.1,26.2,82.25
2019-04-20,129,True,False,False,False,False,False,False,10,0.0,27.1,82.75
2019-04-21,143,True,True,False,False,False,False,False,10,0.0,23.0,82.25
2019-04-22,128,False,False,False,False,False,False,False,10,0.4,21.4,76.5
2019-04-23,118,False,False,False,False,False,False,False,10,0.0,25.0,79.25
2019-04-24,137,False,False,False,False,False,False,False,10,0.0,29.2,81.25
2019-04-25,130,False,False,False,False,False,False,False,10,0.0,23.0,91.5
2019-04-26,127,False,False,False,False,False,False,False,10,14.9,25.7,92.0
2019-04-27,130,True,False,False,False,False,False,False,10,73.7,23.2,91.5
2019-04-28,148,True,False,False,False,False,True,False,10,2.5,24.2,83.5
2019-04-29,127,False,False,False,False,False,True,False,10,0.1,24.8,81.5
2019-04-30,117,False,False,False,False,False,True,False,10,0.0,25.2,85.25
2019-05-01,90,False,True,False,False,False,False,False,10,0.4,27.1,74.75
2019-05-02,113,False,False,False,False,False,False,False,10,0.1,25.6,79.75
2019-05-03,120,False,False,False,False,False,False,False,10,0.0,28.6,87.75
2019-05-04,101,True,False,False,False,False,False,False,10,43.0,28.5,89.0
2019-05-05,132,True,False,False,False,False,True,False,10,0.0,30.0,86.5
2019-05-06,128,False,False,False,False,False,True,False,10,12.0,24.8,86.0
2019-05-07,154,False,False,False,False,False,True,False,10,1.5,22.9,77.5
2019-05-08,179,False,False,False,True,False,True,False,10,0.0,22.1,81.75
2019-05-09,189,False,False,False,True,False,True,False,10,0.0,25.5,82.75
2019-05-10,204,False,False,False,True,False,True,False,10,5.6,21.6,94.5
2019-05-11,160,True,False,False,True,False,False,False,10,18.6,20.6,89.0
2019-05-12,174,True,False,True,False,False,False,False,10,0.9,21.5,84.0
2019-05-13,113,False,False,False,False,True,False,False,10,0.7,21.7,89.75
2019-05-14,100,False,False,False,False,True,False,False,10,3.0,20.5,94.25
2019-05-15,125,False,False,False,False,False,False,False,10,2.2,22.9,91.75
2019-05-16,116,False,False,False,False,False,False,False,10,1.7,23.9,77.75
2019-05-17,110,False,False,False,False,False,False,False,10,0.0,25.3,72.0
2019-05-18,103,True,False,False,False,False,False,False,10,0.0,26.9,82.25
2019-05-19,120,True,False,False,False,False,False,False,10,0.0,28.1,80.0
2019-05-20,111,False,False,False,False,False,False,False,10,0.0,25.8,88.0
2019-05-21,128,False,False,False,False,False,False,False,10,6.0,21.7,90.25
2019-05-22,106,False,False,False,False,False,False,False,10,3.6,22.7,94.5
2019-05-23,139,False,False,False,False,False,False,False,10,9.2,19.9,89.5
2019-05-24,114,False,False,False,False,False,False,False,10,34.5,18.0,89.25
2019-05-25,128,True,False,False,False,False,False,False,10,7.2,20.6,82.75
2019-05-26,139,True,False,False,False,False,False,False,10,0.1,24.0,80.5
2019-05-27,154,False,False,False,False,False,False,False,10,4.1,25.3,90.75
2019-05-28,123,False,False,False,False,False,True,False,10,66.2,20.1,92.5
2019-05-29,119,False,False,False,False,False,True,False,10,0.3,22.1,81.25
2019-05-30,101,False,False,False,False,False,True,False,10,0.2,16.8,93.5
2019-05-31,128,False,False,False,False,False,True,False,10,24.0,17.6,94.5
2019-06-01,138,True,False,False,False,False,False,False,10,4.1,19.8,89.25
2019-06-02,129,True,False,False,False,False,False,False,10,0.8,21.4,88.5
2019-06-03,120,False,False,False,False,False,False,False,10,1.8,22.1,84.75
2019-06-04,137,False,False,False,False,False,False,False,10,0.3,20.9,88.5
2019-06-05,118,False,False,False,False,False,True,False,10,0.1,23.2,80.0
2019-06-06,120,False,False,False,False,False,True,False,10,0.0,25.0,82.25
2019-06-07,136,False,False,False,False,False,True,False,10,0.0,25.9,75.0
2019-06-08,113,True,False,False,False,False,True,False,10,0.0,20.2,88.0
2019-06-09,106,True,False,False,False,False,True,False,10,0.2,24.0,81.5
2019-06-10,111,False,False,False,False,False,True,False,10,0.0,26.2,81.0
2019-06-11,99,False,False,False,False,False,False,False,10,0.0,27.0,83.0
2019-06-12,108,False,False,False,False,False,False,False,10,0.0,27.7,79.75
2019-06-13,121,False,False,False,False,False,False,False,10,0.0,28.8,78.75
2019-06-14,89,False,False,False,False,False,False,False,10,0.0,30.3,78.25
2019-06-15,110,True,False,False,False,False,False,False,10,0.0,29.5,81.75
2019-06-16,127,True,False,False,False,False,False,False,10,0.0,29.6,86.0
2019-06-17,129,False,False,False,False,False,False,False,10,0.0,26.0,87.5
2019-06-18,116,False,False,False,False,False,False,False,10,0.0,27.2,73.0
2019-06-19,121,False,False,False,False,False,False,False,10,9.4,23.6,67.25
2019-06-20,113,False,True,False,False,False,False,False,10,0.0,19.6,79.0
2019-06-21,128,False,True,False,False,False,False,False,10,0.0,25.1,80.0
2019-06-22,130,True,False,False,False,False,False,False,10,0.0,27.7,84.75
2019-06-23,145,True,False,False,False,False,False,False,10,0.1,28.1,79.25
2019-06-24,139,False,False,False,False,False,False,False,10,0.0,27.9,71.75
2019-06-25,120,False,False,False,False,False,False,False,10,0.0,29.1,70.75
2019-06-26,119,False,False,False,False,False,False,False,10,16.2,13.9,72.5
2019-06-27,115,False,False,False,False,False,False,False,10,0.0,21.3,83.75
2019-06-28,128,False,False,False,False,False,True,False,10,0.2,22.8,93.75
2019-06-29,130,True,False,False,False,False,True,False,10,4.0,30.4,65.75
2019-06-30,148,True,False,False,False,False,True,False,10,7.2,27.1,92.75
2019-07-01,128,False,False,False,False,False,False,False,11,26.4,16.6,83.75
2019-07-02,119,False,False,False,False,False,False,False,11,0.3,15.7,85.25
2019-07-03,113,False,False,False,False,False,False,False,11,0.0,14.7,63.5
2019-07-04,135,False,False,False,False,False,False,False,11,0.0,13.6,64.5
2019-07-05,129,False,False,False,False,False,True,False,11,0.0,10.9,58.5
2019-07-06,130,True,False,False,False,False,True,False,11,0.0,11.9,73.5
2019-07-07,141,True,False,False,False,False,True,False,11,0.0,13.9,75.75
2019-07-08,129,False,False,False,False,False,True,False,11,0.0,19.7,78.0
2019-07-09,119,False,False,False,False,False,True,False,11,0.0,19.9,85.25
2019-07-10,116,False,False,False,False,False,True,False,11,0.1,21.6,80.0
2019-07-11,131,False,False,False,False,False,False,False,11,0.0,26.3,74.0
2019-07-12,120,False,False,False,False,False,False,False,11,0.0,28.1,77.0
2019-07-13,101,True,False,False,False,False,False,False,11,3.0,18.1,92.75
2019-07-14,128,True,False,False,False,False,False,False,11,15.7,13.7,91.75
2019-07-15,111,False,False,False,False,False,False,False,11,0.8,14.1,82.0
2019-07-16,113,False,False,False,False,False,False,False,11,0.0,16.7,84.25
2019-07-17,104,False,False,False,False,False,False,False,11,0.0,18.3,88.5
2019-07-18,128,False,False,False,False,False,False,False,11,0.0,23.5,84.5
2019-07-19,118,False,False,False,False,False,False,False,11,0.0,21.5,86.25
2019-07-20,129,True,False,False,False,False,False,False,11,0.0,28.7,75.5
2019-07-21,108,True,False,False,False,False,False,False,11,0.0,28.6,73.25
2019-07-22,118,False,False,False,False,False,False,False,11,0.0,26.4,80.5
2019-07-23,99,False,False,False,False,False,False,False,11,5.2,18.8,95.0
2019-07-24,77,False,False,False,False,False,False,False,11,79.4,18.4,96.0
2019-07-25,105,False,False,False,False,False,False,False,11,18.2,20.0,90.5
2019-07-26,111,False,False,False,False,False,False,False,11,0.0,20.2,88.75
2019-07-27,110,True,False,False,False,False,False,False,11,1.2,14.1,88.0
2019-07-28,128,True,False,False,False,False,True,False,11,0.2,17.3,83.25
2019-07-29,148,False,False,False,False,False,True,False,11,0.0,23.9,83.25
2019-07-30,104,False,False,False,False,False,True,False,11,7.8,20.6,87.5
2019-07-31,121,False,False,False,False,False,True,False,11,0.0,24.0,80.0
2019-08-01,118,False,False,False,False,False,False,False,11,0.0,29.6,77.5
2019-08-02,107,False,False,False,False,False,False,False,11,15.8,16.0,71.25
2019-08-03,129,True,False,False,False,False,False,False,11,0.0,15.3,67.0
2019-08-04,149,True,False,False,False,False,False,False,11,0.0,16.2,76.25
2019-08-05,131,False,False,False,False,False,True,False,11,0.0,22.1,79.5
2019-08-06,125,False,False,False,False,False,True,False,11,0.2,28.3,72.5
2019-08-07,159,False,False,False,True,False,True,False,11,0.0,29.9,72.75
2019-08-08,116,False,False,False,True,False,True,False,11,0.0,27.4,88.25
2019-08-09,138,False,False,False,True,False,True,False,11,10.3,22.4,93.0
2019-08-10,143,True,False,False,True,False,True,False,11,5.6,20.4,79.75
2019-08-11,159,True,False,True,False,False,False,False,11,0.0,20.2,80.25
2019-08-12,119,False,False,False,False,True,False,False,11,1.5,19.1,94.5
2019-08-13,78,False,False,False,False,True,False,False,11,15.2,14.2,62.25
2019-08-14,149,False,False,False,False,False,False,False,11,0.0,14.3,84.0
2019-08-15,139,False,False,False,False,False,False,False,11,0.1,22.7,77.75
2019-08-16,124,False,False,False,False,False,False,False,11,0.0,28.1,71.5
2019-08-17,81,True,False,False,False,False,False,False,11,0.0,30.2,51.5
2019-08-18,105,True,False,False,False,False,False,False,11,0.0,26.0,74.25
2019-08-19,87,False,False,False,False,False,False,False,11,0.1,14.4,75.75
2019-08-20,85,False,False,False,False,False,False,False,11,0.0,16.1,76.25
2019-08-21,114,False,False,False,False,False,False,False,11,0.0,16.1,82.75
2019-08-22,101,False,False,False,False,False,False,False,11,0.0,19.9,71.5
2019-08-23,155,False,False,False,False,False,False,False,11,0.0,18.2,83.0
2019-08-24,108,True,False,False,False,False,False,False,11,0.0,21.5,73.0
2019-08-25,131,True,False,False,False,False,False,False,11,0.0,25.1,67.0
2019-08-26,123,False,False,False,False,False,False,False,11,0.0,23.6,69.0
2019-08-27,134,False,False,False,False,False,False,False,11,0.0,26.0,78.0
2019-08-28,105,False,False,False,False,False,True,False,11,0.0,28.8,77.5
2019-08-29,116,False,False,False,False,False,True,False,11,0.0,32.8,65.0
2019-08-30,120,False,False,False,False,False,True,False,11,0.0,28.5,74.0
2019-08-31,118,True,False,False,False,False,True,False,11,28.6,18.7,89.25
2019-09-01,120,True,False,False,False,False,False,False,11,1.0,20.7,70.75
2019-09-02,110,False,False,False,False,False,False,False,11,0.0,21.0,69.75
2019-09-03,116,False,False,False,False,False,False,False,11,0.0,17.9,70.25
2019-09-04,130,False,False,False,False,False,False,False,11,0.0,17.6,60.0
2019-09-05,128,False,False,False,False,False,True,False,11,0.0,16.2,70.0
2019-09-06,120,False,False,False,False,False,True,False,11,0.0,19.8,86.25
2019-09-07,81,True,True,False,False,False,True,False,11,9.8,20.9,93.25
2019-09-08,119,True,False,False,False,False,True,False,11,9.0,27.5,86.0
2019-09-09,135,False,False,False,False,False,True,False,11,1.6,36.2,62.25
2019-09-10,129,False,False,False,False,False,True,False,11,0.0,29.0,81.75
2019-09-11,119,False,False,False,False,False,False,False,11,0.2,19.0,94.75
2019-09-12,101,False,False,False,False,False,False,False,11,26.2,18.2,94.25
2019-09-13,76,False,False,False,False,False,False,False,11,2.8,20.0,73.5
2019-09-14,128,True,False,False,False,False,False,False,11,0.2,23.8,82.75
2019-09-15,129,True,False,False,False,False,False,False,11,0.0,32.4,70.0
2019-09-16,118,False,False,False,False,False,False,False,11,0.0,27.0,84.0
2019-09-17,104,False,False,False,False,False,False,False,11,10.0,16.4,93.0
2019-09-18,149,False,False,False,False,False,False,False,11,30.9,17.7,88.25
2019-09-19,149,False,False,False,False,False,False,False,11,0.1,27.7,78.25
2019-09-20,81,False,False,False,False,False,False,False,11,0.0,21.5,71.75
2019-09-21,155,True,False,False,False,False,False,False,11,0.0,21.7,71.25
2019-09-22,105,True,False,False,False,False,False,False,11,0.0,20.4,69.0
2019-09-23,137,False,False,False,False,False,False,False,11,0.0,21.2,70.75
2019-09-24,127,False,False,False,False,False,False,False,11,0.0,25.2,69.0
2019-09-25,129,False,False,False,False,False,False,False,11,0.0,25.1,76.25
2019-09-26,120,False,False,False,False,False,False,False,11,0.0,26.3,62.75
2019-09-27,108,False,False,False,False,False,False,False,11,0.0,23.2,72.5
2019-09-28,119,True,False,False,False,False,True,False,11,0.0,24.7,68.5
2019-09-29,120,True,False,False,False,False,True,False,11,0.0,28.3,76.25
2019-09-30,110,False,False,False,False,False,True,False,11,0.1,34.7,65.25
2019-10-01,108,False,False,False,False,False,False,False,11,0.0,36.8,54.0
2019-10-02,125,False,False,False,False,False,False,False,11,0.0,28.8,88.75
2019-10-03,90,False,False,False,False,False,False,False,11,10.8,20.8,93.5
2019-10-04,114,False,False,False,False,False,False,False,11,21.5,23.2,95.75
2019-10-05,100,True,False,False,False,False,True,False,11,64.7,21.0,93.25
2019-10-06,106,True,False,False,False,False,True,False,11,8.9,19.1,87.75
2019-10-07,112,False,False,False,False,False,True,False,11,1.1,27.7,71.25
2019-10-08,131,False,False,False,False,False,True,False,11,0.0,28.7,72.25
2019-10-09,110,False,False,False,False,False,True,False,11,0.0,29.1,70.25
2019-10-10,107,False,False,False,False,False,True,False,11,0.1,32.2,65.5
2019-10-11,108,False,False,False,False,False,False,False,11,0.0,36.8,54.5
2019-10-12,94,True,True,False,False,False,False,False,11,0.0,38.4,54.75
2019-10-13,97,True,False,False,False,False,False,False,11,0.0,30.4,79.0
2019-10-14,103,False,False,False,False,False,False,False,11,1.8,21.6,92.25
2019-10-15,110,False,False,False,False,False,False,False,11,29.5,18.9,88.0
2019-10-16,129,False,False,False,False,False,False,False,11,0.4,20.7,89.0
2019-10-17,143,False,False,False,False,False,False,False,11,21.1,23.6,93.5
2019-10-18,81,False,False,False,False,False,False,False,11,18.8,28.5,77.5
2019-10-19,134,True,False,False,False,False,False,False,11,0.0,22.8,71.0
2019-10-20,120,True,False,False,False,False,False,False,11,0.0,22.0,67.75
2019-10-21,110,False,False,False,False,False,False,False,11,0.9,19.8,89.5
2019-10-22,106,False,False,False,False,False,False,False,11,12.8,23.2,79.5
2019-10-23,100,False,False,False,False,False,False,False,11,0.0,26.9,75.5
2019-10-24,128,False,False,False,False,False,False,False,11,0.0,27.8,63.75
2019-10-25,114,False,False,False,False,False,False,False,11,0.0,27.4,66.0
2019-10-26,135,True,False,False,False,False,False,False,11,0.0,31.2,69.0
2019-10-27,149,True,False,False,False,False,False,False,11,5.0,22.3,92.75
2019-10-28,149,False,False,False,False,False,True,False,11,18.2,29.7,73.5
2019-10-29,128,False,False,False,False,False,True,False,11,0.2,26.1,89.0
2019-10-30,146,False,False,False,False,False,True,False,11,15.2,21.6,95.0
2019-10-31,99,False,False,False,False,False,True,False,11,49.1,20.9,91.0
2019-11-01,128,False,False,False,False,False,False,False,11,0.0,25.4,82.0
2019-11-03,98,True,False,False,False,False,False,False,11,2.6,24.1,75.0
2019-11-04,130,False,False,False,False,False,False,False,11,0.1,21.9,93.5
2019-11-05,138,False,False,False,False,False,True,False,11,38.5,25.3,81.75
2019-11-06,141,False,False,False,False,False,True,False,11,0.1,26.4,64.25
2019-11-07,128,False,False,False,False,False,True,False,11,6.2,26.0,87.5
2019-11-08,154,False,False,False,False,False,True,False,11,1.5,28.9,78.25
2019-11-09,138,True,False,False,False,False,True,False,11,0.0,28.3,78.0
2019-11-10,164,True,False,False,False,False,True,False,11,0.8,23.1,89.25
2019-11-11,143,False,False,False,False,False,False,False,11,2.5,25.0,79.25
2019-11-12,138,False,False,False,False,False,False,False,11,0.1,30.3,72.0
2019-11-13,132,False,False,False,False,False,False,False,11,0.0,31.1,65.75
2019-11-14,120,False,False,False,False,False,False,False,11,14.0,29.2,84.75
2019-11-15,64,False,True,False,False,False,False,False,11,9.0,25.1,73.0
2019-11-16,118,True,False,False,False,False,False,False,11,0.0,26.7,66.0
2019-11-17,128,True,False,False,False,False,False,False,11,0.0,30.1,59.25
2019-11-18,135,False,False,False,False,False,False,False,11,0.0,31.8,59.5
2019-11-19,126,False,False,False,False,False,False,False,11,0.0,32.3,69.0
2019-11-20,138,False,False,False,False,False,False,False,11,0.0,34.1,68.25
2019-11-21,120,False,False,False,False,False,False,False,11,0.0,34.5,64.5
2019-11-22,111,False,False,False,False,False,False,False,11,0.4,33.5,78.0
2019-11-23,138,True,False,False,False,False,False,False,11,11.6,25.1,68.0
2019-11-24,129,True,False,False,False,False,False,False,11,0.0,24.8,62.0
2019-11-25,141,False,False,False,False,False,False,False,11,0.0,28.1,66.5
2019-11-26,137,False,False,False,False,False,False,False,11,0.0,28.6,75.75
2019-11-27,129,False,False,False,False,False,False,False,11,3.0,24.5,80.75
2019-11-28,114,False,False,False,False,False,True,False,11,0.5,27.6,54.75
2019-11-29,132,False,False,False,False,False,True,False,11,0.0,32.2,58.75
2019-11-30,153,True,False,False,False,False,True,False,11,0.0,32.7,63.5
2019-12-01,142,True,False,False,False,False,False,False,11,0.0,28.3,60.75
2019-12-02,128,False,False,False,False,False,False,False,11,0.0,25.5,58.0
2019-12-03,108,False,False,False,False,False,False,False,11,0.0,28.5,54.0
2019-12-04,113,False,False,False,False,False,False,False,11,0.0,33.2,74.5
2019-12-05,131,False,False,False,False,False,True,False,11,6.7,27.3,68.0
2019-12-06,125,False,False,False,False,False,True,False,11,0.0,29.1,52.0
2019-12-07,119,True,False,False,False,False,True,False,11,0.0,29.5,61.25
2019-12-08,109,True,False,False,False,False,True,False,11,0.0,32.3,61.0
2019-12-09,128,False,False,False,False,False,True,False,11,0.0,34.2,58.0
2019-12-10,138,False,False,False,False,False,True,False,11,0.0,35.1,51.0
2019-12-11,119,False,False,False,False,False,False,False,11,0.0,35.4,60.0
2019-12-12,128,False,False,False,False,False,False,False,11,0.0,33.0,56.0
2019-12-13,136,False,False,False,False,False,False,False,11,0.0,28.2,58.0
2019-12-14,156,True,False,False,False,False,False,False,11,0.0,32.3,66.75
2019-12-15,148,True,False,False,False,False,False,False,11,0.0,34.6,68.25
2019-12-16,137,False,False,False,False,False,False,False,11,8.0,27.6,73.25
2019-12-17,128,False,False,False,False,False,False,False,11,0.1,28.3,65.75
2019-12-18,164,False,False,False,False,False,False,False,11,0.0,28.5,63.5
2019-12-19,138,False,False,False,False,False,False,False,11,0.0,32.4,63.5
2019-12-20,143,False,False,False,False,False,False,False,12,0.0,35.6,61.25
2019-12-21,160,True,False,False,True,False,False,False,12,4.3,29.7,67.75
2019-12-22,181,True,False,False,True,False,False,False,12,0.0,26.6,53.25
2019-12-23,196,False,False,False,True,False,False,False,12,0.0,30.1,51.75
2019-12-24,160,False,False,False,True,False,False,False,12,0.0,34.3,54.0
2019-12-26,148,False,False,False,True,True,False,False,12,0.0,35.4,63.25
2019-12-27,155,False,False,False,True,True,False,False,12,0.0,38.8,63.75
2019-12-28,106,True,False,False,True,False,True,False,12,0.0,39.0,58.25
2020-01-02,59,False,False,False,False,True,False,True,12,0.7,27.8,73.25
2020-01-03,73,False,False,False,False,True,False,True,12,0.8,27.9,71.0
2020-01-04,65,True,False,False,False,False,False,True,12,0.1,29.1,71.5
2020-01-05,74,True,False,False,False,False,True,True,12,0.1,32.6,65.0
2020-01-06,83,False,False,False,False,False,True,True,12,0.0,36.2,61.0
2020-01-07,99,False,False,False,False,False,True,True,12,0.1,31.6,67.25
2020-01-08,106,False,False,False,False,False,True,True,12,0.0,31.7,62.75
2020-01-09,104,False,False,False,False,False,True,True,12,0.0,37.7,65.25
2020-01-10,79,False,False,False,False,False,True,True,12,0.6,36.8,76.75
2020-01-11,89,True,False,False,False,False,False,True,12,17.3,31.8,77.75
2020-01-12,95,True,False,False,False,False,False,True,12,3.2,32.7,57.75
2020-01-13,106,False,False,False,False,False,False,True,12,0.0,31.6,68.25
2020-01-14,129,False,False,False,False,False,False,True,12,0.0,35.0,66.25
2020-01-15,106,False,False,False,False,False,False,True,12,0.0,35.0,73.0
2020-01-16,94,False,False,False,False,False,False,True,12,17.8,25.4,64.25
2020-01-17,121,False,False,False,False,False,False,True,12,0.0,27.1,62.0
2020-01-18,107,True,False,False,False,False,False,True,12,0.0,30.8,66.0
2020-01-19,109,True,False,False,False,False,False,True,12,0.0,34.4,67.0
2020-01-20,118,False,False,False,False,False,False,True,12,0.0,35.6,67.5
2020-01-21,91,False,False,False,False,False,False,True,12,0.0,31.0,81.5
2020-01-22,129,False,False,False,False,False,False,True,12,6.3,29.4,75.0
2020-01-23,116,False,False,False,False,False,False,True,12,0.0,28.2,74.25
2020-01-24,125,False,False,False,False,False,False,True,12,1.4,30.4,70.0
2020-01-25,136,True,False,False,False,False,False,True,12,0.0,32.0,57.0
2020-01-26,120,True,False,False,False,False,False,True,12,0.0,34.1,65.25
2020-01-27,101,False,False,False,False,False,False,True,12,0.0,33.2,82.0
2020-01-28,115,False,False,False,False,False,True,True,12,14.8,30.6,73.0
2020-01-29,126,False,False,False,False,False,True,True,12,0.0,27.5,81.5
2020-01-30,110,False,False,False,False,False,True,True,12,2.0,28.5,79.75
2020-01-31,117,False,False,False,False,False,True,True,12,6.3,30.3,82.5
2020-02-01,121,True,False,False,False,False,False,True,12,2.2,30.1,71.75
2020-02-02,139,True,False,False,False,False,False,True,12,0.0,33.0,71.25
2020-02-03,128,False,False,False,False,False,False,True,12,0.2,31.4,73.25
2020-02-04,118,False,False,False,False,False,False,True,12,0.0,33.0,70.75
2020-02-05,81,False,False,False,False,False,True,True,12,0.0,35.4,67.25
2020-02-06,120,False,False,False,False,False,True,True,12,0.0,36.8,69.25
2020-02-07,106,False,False,False,False,False,True,True,12,0.0,35.0,66.5
2020-02-08,143,True,False,False,False,False,True,True,12,0.0,36.4,74.25
2020-02-09,78,True,False,False,False,False,True,True,12,30.4,27.8,72.5
2020-02-10,105,False,False,False,False,False,True,True,12,0.0,27.3,73.75
2020-02-11,118,False,False,False,False,False,False,True,12,0.0,27.9,69.75
2020-02-12,137,False,False,False,False,False,False,True,12,0.0,29.5,71.75
2020-02-13,120,False,False,False,False,False,False,True,12,0.0,32.7,61.0
2020-02-14,126,False,False,False,False,False,False,True,12,0.0,30.8,62.75
2020-02-15,110,True,False,False,False,False,False,True,12,0.2,35.4,62.75
2020-02-16,106,True,False,False,False,False,False,True,12,0.0,37.4,61.5
2020-02-17,100,False,False,False,False,False,False,True,12,0.0,37.8,64.75
2020-02-18,87,False,False,False,False,False,False,True,12,0.6,34.0,79.0
2020-02-19,120,False,False,False,False,False,False,True,12,9.0,32.4,66.0
2020-02-20,110,False,False,False,True,False,False,True,12,0.0,30.5,67.25
2020-02-21,96,False,False,False,True,False,False,True,12,0.0,26.5,61.75
2020-02-22,79,True,False,False,True,False,False,True,12,0.0,25.4,63.0
2020-02-23,89,True,False,False,True,False,False,True,12,0.0,28.0,67.75
2020-02-26,86,False,False,False,False,True,False,True,12,40.6,26.0,70.5
2020-02-27,99,False,False,False,False,True,False,True,12,0.0,27.9,64.75
2020-02-28,105,False,False,False,False,False,True,True,13,0.0,30.6,64.75
2020-02-29,117,True,False,False,False,False,True,True,13,0.0,30.6,70.0
2020-03-01,87,True,False,False,False,False,False,False,13,0.0,30.8,68.0
2020-03-02,99,False,False,False,False,False,False,False,13,0.0,29.2,66.0
2020-03-03,70,False,False,False,False,False,False,False,13,0.0,30.0,70.0
2020-03-04,98,False,False,False,False,False,False,False,13,0.0,29.7,67.0
2020-03-05,121,False,False,False,False,False,True,False,13,0.0,28.8,67.0
2020-03-06,108,False,False,False,False,False,True,False,13,0.0,29.8,70.0
